chromosome	start	stop	gene	score	strand	thickStart	thickEnd	itemRgb	blockCount	blockSizes	blockStarts 
chr4	778515	788978	NM_166791	0	-	778826	787146	0	6	3154,72,636,835,129,84,	0,4658,4786,7676,8565,10379,
chr4	778515	787614	NM_143679	0	-	778826	787146	0	6	3154,72,636,835,129,163,	0,4658,4786,7676,8565,8936,
chr4	115073	129849	NM_001169348	0	-	116868	129426	0	12	129,747,1816,225,94,325,942,104,1114,108,121,52,	0,184,1612,3481,3764,4814,5784,6779,7235,8711,14248,14724,
chr4	116388	129754	NM_175928	0	-	116868	129426	0	11	242,1816,225,94,325,942,104,1114,108,121,200,	0,297,2166,2449,3499,4469,5464,5920,7396,12933,13166,
chr4	116388	129754	NM_175927	0	-	116868	129426	0	11	242,1816,225,94,325,942,104,1114,108,121,85,	0,297,2166,2449,3499,4469,5464,5920,7396,12933,13281,
chr4	116388	129452	NM_175926	0	-	116868	129426	0	10	242,1816,225,94,325,942,104,1114,108,131,	0,297,2166,2449,3499,4469,5464,5920,7396,12933,
chr4	359937	375554	NM_205873	0	+	360690	372392	0	13	43,420,310,212,189,146,1074,1089,238,155,267,364,3305,	0,649,2366,2733,3008,3556,3930,5736,9569,9872,11153,11875,12312,
chr4	359937	372784	NM_166757	0	+	360690	372392	0	13	347,420,310,212,189,146,918,1089,238,155,267,364,535,	0,649,2366,2733,3008,3556,4086,5736,9569,9872,11153,11875,12312,
chr4	359937	374973	NM_166756	0	+	360690	372392	0	13	43,420,310,212,189,146,1074,1089,238,155,267,364,2724,	0,649,2366,2733,3008,3556,3930,5736,9569,9872,11153,11875,12312,
chr4	359937	372784	NM_079882	0	+	360690	372392	0	13	347,420,310,212,189,146,1074,1089,238,155,267,364,535,	0,649,2366,2733,3008,3556,3930,5736,9569,9872,11153,11875,12312,
chr4	359937	372784	NM_001258491	0	+	360690	372392	0	14	421,420,310,212,189,152,1074,132,903,238,155,267,364,535,	0,649,2366,2733,3008,3556,3930,5736,5922,9569,9872,11153,11875,12312,
chr4	540559	557854	NM_001272131	0	-	545662	553576	0	6	7584,363,160,627,1751,412,	0,8699,9154,10194,11431,16883,
chr4	545267	557854	NM_143668	0	-	545662	553576	0	6	2876,363,160,627,1751,412,	0,3991,4446,5486,6723,12175,
chr4	538331	557854	NM_001297786	0	-	545662	553576	0	6	9812,363,160,627,1751,412,	0,10927,11382,12422,13659,19111,
chr4	1013632	1027101	NM_166805	0	-	1014358	1019925	0	10	136,209,146,131,387,196,2334,1246,320,95,	0,685,950,1145,1333,1792,2743,5137,12583,13374,
chr4	1013403	1027101	NM_166804	0	-	1014358	1019925	0	9	365,209,146,131,387,196,2334,1246,139,	0,914,1179,1374,1562,2021,2972,5366,13559,
chr4	1013403	1027101	NM_079898	0	-	1014358	1023471	0	10	365,209,146,131,387,196,2334,1246,1439,139,	0,914,1179,1374,1562,2021,2972,5366,8838,13559,
chr4	1009894	1027101	NM_001258499	0	-	1014358	1023471	0	10	3874,209,146,131,336,196,2334,1246,1439,332,	0,4423,4688,4883,5071,5530,6481,8875,12347,16875,
chrX	16361568	16368526	NM_001014747	0	+	16361697	16365744	0	4	486,1273,309,2940,	0,1789,3636,4018,
chrX	19522098	19530896	NM_001014752	0	+	19523095	19529757	0	9	291,313,48,135,215,174,189,708,1223,	0,904,1288,1396,1616,1891,6536,6795,7575,
chrX	19522098	19530896	NM_001014753	0	+	19523095	19529757	0	9	291,313,48,135,215,174,183,708,1223,	0,904,1288,1396,1616,1891,6542,6795,7575,
chrX	19521928	19525841	NM_001014754	0	+	19523095	19525208	0	8	30,222,313,48,135,215,174,663,	0,239,1074,1458,1566,1786,2061,3250,
chrX	19522098	19525841	NM_001014755	0	+	19523095	19525208	0	7	537,313,48,135,215,174,663,	0,904,1288,1396,1616,1891,3080,
chrX	19522098	19525841	NM_001014756	0	+	19523095	19525208	0	7	291,313,48,135,215,174,663,	0,904,1288,1396,1616,1891,3080,
chrX	23097408	23101431	NM_001015241	0	+	23097695	23101107	0	9	323,323,276,400,192,414,108,301,572,	0,384,871,1205,1809,2066,2536,3093,3451,
chrX	10930936	10964046	NM_001042804	0	+	10938635	10963467	0	8	435,309,273,6915,581,232,1143,747,	0,7516,10404,10786,29665,30334,31156,32363,
chrX	15827985	15835490	NM_001103523	0	-	15828271	15834164	0	7	517,87,167,4302,208,249,153,	0,577,730,966,5506,6137,7352,
chrX	15827985	15835490	NM_001103524	0	-	15828271	15834164	0	7	517,87,167,4302,208,249,47,	0,577,730,966,5506,6137,7458,
chrX	23097408	23101192	NM_001111009	0	+	23097695	23101107	0	9	323,323,276,304,192,414,108,301,333,	0,384,871,1205,1809,2066,2536,3093,3451,
chrX	23096770	23101192	NM_001111010	0	+	23097695	23101107	0	10	105,312,323,276,304,192,414,108,301,333,	0,649,1022,1509,1843,2447,2704,3174,3731,4089,
chrX	1735944	1754065	NM_001169168	0	-	1746390	1750413	0	7	1219,306,124,262,121,590,350,	0,10329,10742,12087,13752,13950,17771,
chrX	1735944	1754065	NM_001169169	0	-	1746390	1750413	0	7	1219,306,124,262,121,590,344,	0,10329,10742,12087,13752,13950,17777,
chrX	1745877	1751021	NM_001169170	0	-	1746390	1750413	0	5	702,124,262,121,1127,	0,809,2154,3819,4017,
chrX	4536015	4540626	NM_001169193	0	-	4536643	4540305	0	4	1416,1224,829,963,	0,1470,2759,3648,
chrX	4658576	4666700	NM_001169194	0	-	4659325	4660424	0	3	1611,175,270,	0,1681,7854,
chrX	4658157	4666700	NM_001169195	0	-	4658436	4660424	0	4	379,453,175,270,	0,1577,2100,8273,
chrX	19522098	19530896	NM_001201742	0	+	19523095	19529757	0	11	291,313,48,135,215,174,488,214,189,708,1223,	0,904,1288,1396,1616,1891,4742,5522,6536,6795,7575,
chrX	14787477	14826073	NM_001258743	0	-	14789669	14801343	0	17	2635,698,1181,679,175,367,241,111,140,474,291,304,128,735,280,139,112,	0,2703,3770,5996,6737,6983,7483,7797,7968,8171,11397,11803,12472,12673,13665,37311,38484,
chrX	19522026	19529973	NM_001258824	0	+	19523095	19529757	0	11	371,313,48,135,215,174,488,214,189,708,300,	0,976,1360,1468,1688,1963,4814,5594,6608,6867,7647,
chrX	19522098	19529973	NM_001258825	0	+	19523095	19529757	0	11	471,313,48,135,215,174,488,214,189,708,300,	0,904,1288,1396,1616,1891,4742,5522,6536,6795,7575,
chrX	19528361	19530896	NM_001258826	0	+	19528414	19529757	0	4	83,189,708,1223,	0,273,532,1312,
chrX	4535634	4540626	NM_001272310	0	-	4536643	4540305	0	5	327,900,1224,829,963,	0,897,1851,3140,4029,
chrX	10954131	10964046	NM_001272506	0	+	10955586	10963467	0	5	2541,581,232,1143,747,	0,6470,7139,7961,9168,
chrX	14787477	14826073	NM_001272619	0	-	14789669	14801343	0	17	2635,698,1106,1027,175,367,241,111,140,474,291,304,128,735,280,139,112,	0,2703,3770,5648,6737,6983,7483,7797,7968,8171,11397,11803,12472,12673,13665,37311,38484,
chrX	14787477	14818789	NM_001272620	0	-	14789669	14801343	0	16	2635,698,1181,1027,175,367,241,111,140,474,291,304,128,735,280,189,	0,2703,3770,5648,6737,6983,7483,7797,7968,8171,11397,11803,12472,12673,13665,31123,
chrX	14787477	14825905	NM_001272621	0	-	14790548	14801343	0	16	2635,698,679,175,367,241,111,140,474,291,304,128,735,280,139,160,	0,2703,5996,6737,6983,7483,7797,7968,8171,11397,11803,12472,12673,13665,37311,38268,
chrX	14787477	14825905	NM_001272622	0	-	14790548	14801343	0	16	2635,698,1027,175,367,241,111,140,474,291,304,128,735,280,139,160,	0,2703,5648,6737,6983,7483,7797,7968,8171,11397,11803,12472,12673,13665,37311,38268,
chrX	19522098	19524813	NM_001272777	0	+	19523095	19524178	0	6	299,313,48,135,215,824,	0,904,1288,1396,1616,1891,
chrX	1481796	1483292	NM_001297856	0	-	1481886	1482891	0	3	684,243,161,	0,876,1335,
chrX	10930839	10964046	NM_001298174	0	+	10938635	10963467	0	7	532,309,6915,581,232,1143,747,	0,7613,10883,29762,30431,31253,32460,
chrX	14787477	14826073	NM_001298317	0	-	14789669	14801343	0	17	2635,698,1181,1027,175,367,241,111,140,474,291,304,128,735,280,139,112,	0,2703,3770,5648,6737,6983,7483,7797,7968,8171,11397,11803,12472,12673,13665,37311,38484,
chrX	15827985	15835490	NM_001298371	0	-	15828271	15834164	0	8	517,87,167,4302,208,249,92,166,	0,577,730,966,5506,6137,6835,7339,
chrX	16361568	16371525	NM_001298395	0	+	16361697	16367011	0	5	486,1273,309,56,4622,	0,1789,3636,4018,5335,
chrX	1481796	1483292	NM_057402	0	-	1481886	1482891	0	3	684,243,182,	0,876,1314,
chrX	15827985	15835490	NM_057694	0	-	15828271	15834164	0	7	517,87,167,4302,208,249,166,	0,577,730,966,5506,6137,7339,
chrX	2182817	2184668	NM_057984	0	-	2182912	2184538	0	2	732,1059,	0,792,
chrX	6528947	6530726	NM_078507	0	+	6529115	6530669	0	3	318,863,229,	0,619,1550,
chrX	14787477	14826073	NM_078601	0	-	14789669	14801343	0	18	2635,698,1181,1027,175,367,241,111,140,474,231,291,304,128,735,280,139,112,	0,2703,3770,5648,6737,6983,7483,7797,7968,8171,9814,11397,11803,12472,12673,13665,37311,38484,
chrX	16361568	16368526	NM_078643	0	+	16361697	16367011	0	5	486,1273,309,56,1623,	0,1789,3636,4018,5335,
chrX	1745877	1754065	NM_080300	0	-	1746390	1750413	0	6	702,124,262,121,590,350,	0,809,2154,3819,4017,7838,
chrX	4535634	4540626	NM_080332	0	-	4536643	4540305	0	4	1797,1224,829,963,	0,1851,3140,4029,
chrX	4658157	4666700	NM_131952	0	-	4659325	4660424	0	3	2030,175,270,	0,2100,8273,
chrX	10930936	10964046	NM_132441	0	+	10938635	10963467	0	7	435,309,6915,581,232,1143,747,	0,7516,10786,29665,30334,31156,32363,
chrX	14919251	14923493	NM_132759	0	-	14919609	14921606	0	3	1857,474,193,	0,1973,4049,
chrX	19202102	19208187	NM_133134	0	-	19202871	19207759	0	6	1384,202,165,873,2720,154,	0,1463,1724,1961,2970,5931,
chrX	1481796	1483413	NM_166889	0	-	1481886	1482891	0	3	684,243,156,	0,876,1461,
chrX	1481796	1483023	NM_166890	0	-	1481886	1482891	0	2	684,351,	0,876,
chrX	15827985	15834754	NM_167466	0	-	15828271	15834164	0	7	517,87,167,4302,208,249,123,	0,577,730,966,5506,6137,6646,
chrX	16361568	16371547	NM_167505	0	+	16361697	16371547	0	5	486,1273,309,56,234,	0,1789,3636,4018,9745,
chrX	15827985	15835490	NM_206728	0	-	15828271	15834164	0	7	517,87,167,4302,208,249,263,	0,577,730,966,5506,6137,7242,
chrX	15827985	15835490	NM_206729	0	-	15828271	15834164	0	7	517,87,167,4302,208,249,204,	0,577,730,966,5506,6137,7301,
chrX	122492	122706	NR_003723	0	+	122706	122706	0	1	214,	0,
chrX	3545861	3546110	NR_047748	0	-	3546110	3546110	0	1	249,	0,
chrX	3545749	3546110	NR_133508	0	-	3546110	3546110	0	1	361,	0,
chr2L	7018086	7023898	NM_001014477	0	-	7018144	7023705	0	4	288,650,248,370,	0,344,1048,5442,
chr2L	3056988	3068177	NM_001144306	0	+	3057107	3067502	0	6	122,538,6728,96,144,789,	0,2616,3241,10031,10195,10400,
chr2L	10256325	10261049	NM_001169462	0	-	10256486	10259575	0	11	181,322,216,110,163,108,188,145,173,215,796,	0,1069,1452,1738,1909,2223,2402,2703,2915,3150,3928,
chr2L	15008488	15009724	NM_001201886	0	-	15008681	15009597	0	3	906,149,21,	0,961,1215,
chr2L	2137349	2145187	NM_001272976	0	-	2137668	2145031	0	15	445,44,172,47,585,691,594,348,390,750,401,134,248,169,383,	0,533,634,2280,2378,3030,3779,4435,4841,5292,6099,6570,6769,7107,7455,
chr2L	8054379	8071624	NM_001273293	0	-	8054510	8071566	0	13	214,1597,1936,483,1664,693,205,5986,528,2167,413,95,177,	0,277,1929,3922,4461,6186,6928,7190,13245,13834,16256,16792,17068,
chr2L	10333733	10338441	NM_001273397	0	+	10334074	10338408	0	8	1079,144,862,128,153,229,98,210,	0,2047,2288,3211,3407,3634,4285,4498,
chr2L	10333913	10339185	NM_001273398	0	+	10334074	10338408	0	8	899,144,862,128,153,229,98,954,	0,1867,2108,3031,3227,3454,4105,4318,
chr2L	20089635	20091348	NM_001273689	0	-	20090028	20091073	0	3	1304,191,105,	0,1362,1608,
chr2L	7014622	7023898	NM_001298769	0	-	7015085	7023705	0	7	1752,1050,422,226,650,248,370,	0,1814,2922,3526,3808,4512,8906,
chr2L	7883281	7887513	NM_001298800	0	-	7883536	7887052	0	6	547,671,134,163,163,586,	0,629,1373,3026,3253,3646,
chr2L	11004819	11010921	NM_001298898	0	+	11004979	11009759	0	12	259,163,494,173,971,240,162,547,526,467,123,1295,	0,319,548,1101,1342,2372,2675,2895,3500,4091,4623,4807,
chr2L	11123776	11128992	NM_001298903	0	+	11123878	11128926	0	14	199,103,492,182,410,667,106,162,243,119,615,522,398,186,	0,263,419,968,1223,1706,2438,2612,2829,3127,3301,3981,4559,5030,
chr2L	8054321	8071624	NM_057638	0	-	8054510	8071566	0	13	272,1597,1936,483,1664,693,205,5986,528,2167,413,95,177,	0,335,1987,3980,4519,6244,6986,7248,13303,13892,16314,16850,17126,
chr2L	11004819	11009872	NM_057939	0	+	11004979	11009759	0	12	259,163,494,173,971,240,162,547,526,467,123,246,	0,319,548,1101,1342,2372,2675,2895,3500,4091,4623,4807,
chr2L	11004819	11010179	NM_057940	0	+	11004979	11009759	0	13	259,163,494,173,971,240,162,547,526,467,123,185,301,	0,319,548,1101,1342,2372,2675,2895,3500,4091,4623,4807,5059,
chr2L	10256318	10261049	NM_058074	0	-	10256486	10259575	0	12	188,322,216,110,163,108,188,145,173,215,331,308,	0,1076,1459,1745,1916,2230,2409,2710,2922,3157,3935,4423,
chr2L	10256318	10261049	NM_058075	0	-	10256486	10259575	0	12	188,322,216,110,163,108,188,145,173,215,331,196,	0,1076,1459,1745,1916,2230,2409,2710,2922,3157,3935,4535,
chr2L	10256318	10259987	NM_058076	0	-	10256452	10259575	0	9	188,216,110,163,108,188,145,173,512,	0,1459,1745,1916,2230,2409,2710,2922,3157,
chr2L	7014860	7023898	NM_078773	0	-	7015085	7023705	0	7	1514,1050,422,226,650,248,370,	0,1576,2684,3288,3570,4274,8668,
chr2L	10256318	10261049	NM_134320	0	-	10257117	10259575	0	13	188,213,322,216,110,163,108,188,145,173,215,331,196,	0,591,1076,1459,1745,1916,2230,2409,2710,2922,3157,3935,4535,
chr2L	10256318	10259987	NM_134321	0	-	10257117	10259575	0	11	188,213,322,216,110,163,108,188,145,173,512,	0,591,1076,1459,1745,1916,2230,2409,2710,2922,3157,
chr2L	10256318	10259987	NM_134322	0	-	10256486	10259575	0	10	188,322,216,110,163,108,188,145,173,512,	0,1076,1459,1745,1916,2230,2409,2710,2922,3157,
chr2L	94738	102086	NM_134645	0	+	94851	101918	0	12	154,82,170,2480,587,1197,732,132,181,179,371,211,	0,250,393,615,3145,3788,5046,5833,6023,6277,6510,7137,
chr2L	2137349	2145187	NM_134802	0	-	2137668	2145031	0	15	445,44,175,47,585,691,594,348,390,750,401,134,248,169,383,	0,533,634,2280,2378,3030,3779,4435,4841,5292,6099,6570,6769,7107,7455,
chr2L	3056597	3068177	NM_134904	0	+	3059907	3067502	0	6	327,538,6728,96,144,789,	0,3007,3632,10422,10586,10791,
chr2L	3457301	3460367	NM_134936	0	+	3457405	3460271	0	4	213,615,1822,235,	0,283,952,2831,
chr2L	5521280	5523898	NM_135087	0	-	5521377	5523816	0	7	727,121,119,156,216,602,227,	0,881,1068,1243,1454,1732,2391,
chr2L	5907168	5922776	NM_135124	0	+	5908344	5921242	0	18	119,323,246,355,187,1326,1016,580,1193,3359,104,913,175,207,102,135,115,1700,	0,1144,1521,3248,3662,3904,5294,6367,7006,8268,11683,11854,12825,13072,13333,13493,13695,13908,
chr2L	10333913	10338441	NM_135539	0	+	10334074	10338408	0	8	899,144,862,128,153,229,98,210,	0,1867,2108,3031,3227,3454,4105,4318,
chr2L	10733292	10736071	NM_135602	0	-	10733343	10735945	0	2	416,2299,	0,480,
chr2L	11095352	11100888	NM_135642	0	-	11095687	11100559	0	11	525,523,166,241,238,1577,254,401,209,281,231,	0,600,1183,1412,1709,2055,3689,4001,4664,4941,5305,
chr2L	11123776	11129335	NM_135649	0	+	11123878	11128926	0	14	199,103,492,182,410,667,106,162,243,119,615,522,398,529,	0,263,419,968,1223,1706,2438,2612,2829,3127,3301,3981,4559,5030,
chr2L	11130736	11136003	NM_135651	0	+	11130864	11135487	0	6	467,358,88,170,249,3551,	0,527,938,1150,1385,1716,
chr2L	13444102	13445651	NM_135811	0	-	13444230	13445560	0	4	465,346,352,172,	0,531,943,1377,
chr2L	15008488	15009692	NM_135893	0	-	15008681	15009597	0	2	906,243,	0,961,
chr2L	20089635	20091222	NM_136178	0	-	20090028	20091073	0	2	1304,225,	0,1362,
chr2L	21163640	21166090	NM_136251	0	+	21163678	21166038	0	2	1064,1327,	0,1123,
chr2L	2137349	2145187	NM_164454	0	-	2137668	2145031	0	15	445,44,175,44,585,691,594,348,390,750,401,134,248,169,383,	0,533,634,2280,2378,3030,3779,4435,4841,5292,6099,6570,6769,7107,7455,
chr2L	11095149	11100888	NM_164957	0	-	11095687	11100559	0	10	728,523,166,241,238,1577,254,401,209,595,	0,803,1386,1615,1912,2258,3892,4204,4867,5144,
chr2L	12207918	12210110	NM_165000	0	+	12208215	12209910	0	1	2192,	0,
chr2L	12207708	12210008	NM_165001	0	+	12208215	12209910	0	2	253,1989,	0,311,
chr2L	7883470	7887513	NM_175980	0	-	7883536	7887052	0	6	358,671,134,163,163,586,	0,440,1184,2837,3064,3457,
chr2L	22249875	22258260	NM_176070	0	+	22250098	22258179	0	6	439,482,492,176,250,301,	0,496,3318,3870,7777,8084,
chr2L	10368024	10373900	NM_205957	0	-	10368175	10372898	0	7	430,285,258,255,342,2896,219,	0,576,923,1250,1566,2003,5657,
chr2L	3048700	3048831	NR_001612	0	+	3048831	3048831	0	1	131,	0,
chr2L	13241806	13244724	NR_124230	0	+	13244724	13244724	0	2	208,382,	0,2536,
chr2L	13241806	13244724	NR_124231	0	+	13244724	13244724	0	2	208,140,	0,2778,
chr2R	24990947	25011463	NM_001014552	0	-	24991136	25011341	0	13	325,164,1296,531,305,2740,93,24,122,157,216,237,152,	0,862,1085,2443,3064,3459,6261,7330,9091,11340,14920,19432,20364,
chr2R	24990947	25011463	NM_001014553	0	-	24991136	25010511	0	13	325,164,1296,531,305,2740,93,24,122,157,216,237,88,	0,862,1085,2443,3064,3459,6261,7330,9091,11340,14920,19432,20428,
chr2R	4691671	4729017	NM_001042986	0	-	4691857	4728499	0	23	339,168,655,158,236,288,149,494,93,195,229,322,232,675,441,179,165,887,160,116,172,119,211,	0,407,624,1339,1576,3447,3790,6831,7387,8717,8972,9268,20142,20429,28098,30475,34952,35176,36122,36337,36508,36761,37135,
chr2R	4691671	4729017	NM_001042987	0	-	4691857	4728499	0	23	339,168,655,158,236,288,149,494,93,195,229,322,232,675,441,179,165,887,160,116,172,119,239,	0,407,624,1339,1576,3447,3790,6831,7387,8717,8972,9268,20142,20429,28098,30475,34952,35176,36122,36337,36508,36761,37107,
chr2R	5177964	5251022	NM_001103722	0	-	5178049	5250965	0	21	658,1218,120,537,2782,151,283,1587,296,1393,618,204,135,85,373,139,91,167,198,186,294,	0,2585,5542,6159,7610,15592,16947,17286,19846,20503,23481,25787,26040,26229,32537,34364,39380,63931,64420,67987,72764,
chr2R	14308141	14351802	NM_001103837	0	+	14315323	14351500	0	10	152,297,236,365,763,997,182,1456,258,566,	0,7095,17708,18666,19575,20410,21491,41250,42769,43095,
chr2R	15993530	16001290	NM_001144202	0	-	15994227	15999963	0	9	866,341,1234,199,324,727,186,166,103,	0,931,1334,2636,3364,3746,4536,6274,7657,
chr2R	4691671	4729017	NM_001169581	0	-	4691857	4728499	0	24	339,168,655,158,236,288,149,494,93,195,229,322,232,675,441,179,165,238,577,160,116,172,119,204,	0,407,624,1339,1576,3447,3790,6831,7387,8717,8972,9268,20142,20429,28098,30475,34952,35176,35486,36122,36337,36508,36761,37142,
chr2R	4691671	4729017	NM_001169582	0	-	4691857	4728499	0	24	339,168,655,158,236,288,149,494,93,195,229,322,232,675,441,179,165,238,577,160,116,172,119,239,	0,407,624,1339,1576,3447,3790,6831,7387,8717,8972,9268,20142,20429,28098,30475,34952,35176,35486,36122,36337,36508,36761,37107,
chr2R	4691671	4729017	NM_001169583	0	-	4691857	4728499	0	24	339,168,655,158,236,288,149,494,93,195,229,322,232,675,441,179,165,238,577,160,116,172,119,211,	0,407,624,1339,1576,3447,3790,6831,7387,8717,8972,9268,20142,20429,28098,30475,34952,35176,35486,36122,36337,36508,36761,37135,
chr2R	13972983	13979603	NM_001201994	0	-	13973652	13979340	0	9	1427,247,277,106,1871,205,205,176,420,	0,1607,1943,2285,2450,4392,4661,5958,6200,
chr2R	13972983	13980165	NM_001201995	0	-	13973652	13979340	0	11	1427,247,277,106,1871,205,205,176,235,467,138,	0,1607,1943,2285,2450,4392,4661,5958,6200,6493,7044,
chr2R	24990947	25011965	NM_001202079	0	-	24991136	25010511	0	13	325,164,1296,531,305,2740,93,24,122,157,216,237,115,	0,862,1085,2443,3064,3459,6261,7330,9091,11340,14920,19432,20903,
chr2R	24990947	25011463	NM_001202080	0	-	24991136	25010511	0	14	325,164,1296,531,305,2740,93,24,24,122,157,216,237,88,	0,862,1085,2443,3064,3459,6261,6965,7330,9091,11340,14920,19432,20428,
chr2R	24990947	25011208	NM_001202081	0	-	24991136	25010511	0	13	325,164,1296,531,305,2740,93,24,122,157,216,237,109,	0,862,1085,2443,3064,3459,6261,7330,9091,11340,14920,19432,20152,
chr2R	24990947	25011463	NM_001202082	0	-	24991607	25010511	0	15	325,134,164,1296,531,305,2740,93,24,24,122,157,216,237,88,	0,617,862,1085,2443,3064,3459,6261,6965,7330,9091,11340,14920,19432,20428,
chr2R	9910892	9913488	NM_001259302	0	+	9911254	9913365	0	6	22,311,227,572,450,661,	0,79,501,784,1421,1935,
chr2R	10109739	10117137	NM_001259305	0	+	10109841	10116875	0	12	146,103,68,316,102,342,155,109,189,443,843,401,	0,211,366,492,1734,2877,3276,3545,5177,5575,6075,6997,
chr2R	15311509	15312964	NM_001259407	0	+	15311779	15312837	0	2	458,932,	0,523,
chr2R	24990947	25011463	NM_001259587	0	-	24991136	25011341	0	14	325,164,1296,531,305,2740,93,24,24,122,157,216,237,152,	0,862,1085,2443,3064,3459,6261,6965,7330,9091,11340,14920,19432,20364,
chr2R	4691749	4729017	NM_001273774	0	-	4691857	4728499	0	22	261,168,655,158,236,288,149,494,93,195,229,322,232,675,441,179,165,238,577,160,119,239,	0,329,546,1261,1498,3369,3712,6753,7309,8639,8894,9190,20064,20351,28020,30397,34874,35098,35408,36044,36683,37029,
chr2R	5656405	5663222	NM_001273783	0	-	5657210	5662643	0	10	904,210,575,147,351,70,810,150,98,604,	0,966,1237,4195,4401,4813,4953,5821,6050,6213,
chr2R	7566808	7580675	NM_001273852	0	+	7567264	7580471	0	30	191,219,87,198,354,222,137,232,1516,631,156,343,146,247,273,213,110,600,561,159,609,128,843,373,822,101,139,284,139,447,	0,337,2070,2223,2491,2901,3193,3391,3675,5252,5938,6155,6564,6773,7077,7418,7690,7866,8556,9178,9398,10068,10253,11169,11617,12501,12667,12867,13222,13420,
chr2R	10109739	10117137	NM_001273918	0	+	10109841	10116875	0	11	146,121,68,316,342,155,109,189,443,843,401,	0,193,366,492,2877,3276,3545,5177,5575,6075,6997,
chr2R	13198849	13202709	NM_001274017	0	+	13198998	13202594	0	7	70,224,168,1263,18,1030,618,	0,111,486,712,2039,2148,3242,
chr2R	14846063	14848366	NM_001274053	0	-	14846330	14848202	0	3	1701,156,167,	0,1752,2136,
chr2R	8163999	8164869	NM_001299260	0	-	8164064	8164602	0	3	507,140,73,	0,568,797,
chr2R	10800419	10806537	NM_001299365	0	-	10800722	10805686	0	5	752,425,3277,153,50,	0,814,1817,5155,6068,
chr2R	13152884	13158445	NM_001299447	0	-	13152993	13158184	0	13	482,328,996,112,164,206,157,122,555,550,337,293,73,	0,540,929,1985,2162,2384,2652,2863,3191,4002,4611,5135,5488,
chr2R	13152884	13158297	NM_001299448	0	-	13152993	13158184	0	13	482,328,996,112,164,206,157,122,555,63,550,337,278,	0,540,929,1985,2162,2384,2652,2863,3191,3883,4002,4611,5135,
chr2R	13972983	13979810	NM_001299471	0	-	13973652	13979340	0	10	1427,247,277,106,1871,205,205,176,235,334,	0,1607,1943,2285,2450,4392,4661,5958,6200,6493,
chr2R	14252597	14256061	NM_001299485	0	-	14253189	14255923	0	6	691,141,1105,579,47,228,	0,754,955,2231,3071,3236,
chr2R	14308141	14351802	NM_001299488	0	+	14315323	14351500	0	10	152,500,236,365,763,997,182,1456,258,566,	0,6892,17708,18666,19575,20410,21491,41250,42769,43095,
chr2R	14873952	14875739	NM_001299504	0	+	14873979	14875545	0	2	1111,616,	0,1171,
chr2R	15568959	15573170	NM_001299534	0	+	15569514	15572926	0	3	579,1080,358,	0,2718,3853,
chr2R	15993802	16000287	NM_001299541	0	-	15994227	15999963	0	9	594,341,1234,151,324,727,186,166,193,	0,659,1062,2364,3092,3474,4264,6002,6292,
chr2R	21183321	21192913	NM_001299736	0	+	21184085	21192126	0	9	476,388,504,834,1079,821,232,200,4287,	0,745,1196,1753,2647,3790,4703,5052,5305,
chr2R	22847831	22853827	NM_001299819	0	-	22847918	22853697	0	6	307,162,1058,1473,1473,1192,	0,365,596,1712,3237,4804,
chr2R	24571848	24574503	NM_001299918	0	+	24571905	24574430	0	10	226,204,184,233,214,303,119,121,220,220,	0,276,537,775,1066,1333,1703,1967,2147,2435,
chr2R	5177964	5251022	NM_001316406	0	-	5178049	5250965	0	20	658,1218,120,537,2782,287,1587,296,1393,618,204,135,85,373,139,91,167,198,186,294,	0,2585,5542,6159,7610,16943,17286,19846,20503,23481,25787,26040,26229,32537,34364,39380,63931,64420,67987,72764,
chr2R	16266959	16271971	NM_057242	0	-	16267263	16271485	0	4	745,1880,460,633,	0,816,2834,4379,
chr2R	21183321	21192913	NM_057425	0	+	21184085	21192126	0	9	476,388,504,834,1079,830,232,200,4287,	0,745,1196,1753,2647,3781,4703,5052,5305,
chr2R	15311509	15317834	NM_057513	0	+	15311779	15317711	0	6	458,782,1997,468,169,401,	0,526,3108,5170,5699,5924,
chr2R	13152884	13158297	NM_057899	0	-	13152993	13158184	0	12	482,328,996,112,164,206,157,122,555,550,337,278,	0,540,929,1985,2162,2384,2652,2863,3191,4002,4611,5135,
chr2R	10109739	10117137	NM_078952	0	+	10109841	10116875	0	12	146,103,68,316,102,342,155,109,189,443,843,401,	0,211,366,492,1734,2877,3276,3803,5177,5575,6075,6997,
chr2R	12453189	12465630	NM_078989	0	+	12453516	12464881	0	2	865,1291,	0,11150,
chr2R	14252597	14256192	NM_079017	0	-	14253189	14255923	0	6	691,141,1105,579,47,359,	0,754,955,2231,3071,3236,
chr2R	15993802	16001290	NM_079031	0	-	15994227	15999963	0	9	594,341,1234,199,324,727,186,166,103,	0,659,1062,2364,3092,3474,4264,6002,7385,
chr2R	24990947	25011463	NM_079136	0	-	24991136	25011341	0	14	325,164,1296,531,305,2740,93,120,24,122,157,216,237,152,	0,862,1085,2443,3064,3459,6261,6630,7330,9091,11340,14920,19432,20364,
chr2R	13198939	13202709	NM_080099	0	+	13198998	13202594	0	5	245,168,1263,1030,618,	0,396,622,2058,3152,
chr2R	5360330	5363104	NM_136325	0	-	5360587	5362738	0	5	635,531,969,128,275,	0,688,1268,2297,2499,
chr2R	5656918	5663222	NM_136332	0	-	5657210	5662643	0	10	391,210,575,147,351,70,810,150,98,604,	0,453,724,3682,3888,4300,4440,5308,5537,5700,
chr2R	7566808	7580675	NM_136455	0	+	7567264	7580471	0	30	75,219,87,198,354,222,137,232,1516,631,156,343,146,247,273,213,110,600,561,159,609,128,843,373,822,101,139,284,139,447,	0,337,2070,2223,2491,2901,3193,3391,3675,5252,5938,6155,6564,6773,7077,7418,7690,7866,8556,9178,9398,10068,10253,11169,11617,12501,12667,12867,13222,13420,
chr2R	7667247	7669029	NM_136467	0	-	7667400	7668945	0	1	1782,	0,
chr2R	8934575	8939789	NM_136585	0	-	8934616	8939753	0	13	906,772,332,341,344,266,113,89,451,110,236,455,108,	0,965,1794,2187,2582,2978,3306,3477,3622,4128,4297,4593,5106,
chr2R	9110798	9111578	NM_136610	0	+	9110895	9111482	0	2	158,533,	0,247,
chr2R	9838433	9839500	NM_136678	0	-	9838642	9839413	0	1	1067,	0,
chr2R	9910892	9913488	NM_136692	0	+	9911254	9913365	0	5	390,227,572,450,661,	0,501,784,1421,1935,
chr2R	10800419	10808938	NM_136764	0	-	10800722	10805686	0	5	752,425,3277,153,199,	0,814,1817,5155,8320,
chr2R	12154257	12162998	NM_136891	0	-	12154376	12162693	0	14	3064,292,177,151,574,193,1052,218,420,126,213,216,632,114,	0,3127,3497,3735,3952,4749,5004,6113,6389,7089,7277,7550,7822,8627,
chr2R	12192373	12198854	NM_136902	0	-	12192572	12198830	0	9	1645,1232,639,363,467,486,881,131,52,	0,1699,2996,3700,4116,4645,5186,6173,6429,
chr2R	13972983	13980165	NM_137076	0	-	13973652	13979340	0	10	1427,247,277,106,1871,205,205,176,235,138,	0,1607,1943,2285,2450,4392,4661,5958,6200,7044,
chr2R	14342061	14351802	NM_137108	0	+	14342224	14351500	0	4	195,1456,258,566,	0,7330,8849,9175,
chr2R	14846063	14848366	NM_137150	0	-	14846417	14848202	0	3	1701,156,167,	0,1752,2136,
chr2R	19485493	19486837	NM_137581	0	-	19485802	19486715	0	4	427,122,372,245,	0,489,675,1099,
chr2R	22179694	22182642	NM_137805	0	+	22181275	22182529	0	2	297,1367,	0,1581,
chr2R	22847831	22853728	NM_137882	0	-	22847918	22853697	0	6	307,162,1058,1473,1473,1093,	0,365,596,1712,3237,4804,
chr2R	24571626	24574503	NM_138091	0	+	24571905	24574430	0	11	81,303,204,184,233,214,303,119,121,220,220,	0,145,498,759,997,1288,1555,1925,2189,2369,2657,
chr2R	14873952	14875558	NM_143761	0	+	14873979	14875545	0	2	1111,435,	0,1171,
chr2R	5360330	5363104	NM_165430	0	-	5360587	5362738	0	6	635,531,969,128,56,42,	0,688,1268,2297,2499,2732,
chr2R	8163999	8164670	NM_165595	0	-	8164064	8164602	0	2	507,103,	0,568,
chr2R	10110869	10117457	NM_165746	0	+	10111428	10116875	0	8	706,342,155,109,189,443,843,721,	0,1747,2146,2673,4047,4445,4945,5867,
chr2R	10110869	10117137	NM_165747	0	+	10111428	10116875	0	8	706,342,155,109,189,443,843,401,	0,1747,2146,3256,4047,4445,4945,5867,
chr2R	13152884	13159141	NM_165966	0	-	13152993	13158935	0	13	482,328,996,112,164,206,157,122,555,550,337,257,375,	0,540,929,1985,2162,2384,2652,2863,3191,4002,4611,5135,5882,
chr2R	13198849	13202709	NM_165970	0	+	13198998	13202594	0	6	70,211,168,1263,1030,618,	0,124,486,712,2148,3242,
chr2R	14332383	14351802	NM_166047	0	+	14332888	14351500	0	4	537,1456,258,566,	0,17008,18527,18853,
chr2R	15311509	15318236	NM_166087	0	+	15311779	15317711	0	6	458,785,1997,468,169,803,	0,523,3108,5170,5699,5924,
chr2R	15571467	15573170	NM_166103	0	+	15571587	15572926	0	3	141,1080,358,	0,210,1345,
chr2R	15993802	16000287	NM_166131	0	-	15994227	15999963	0	9	594,341,1234,148,324,727,186,166,193,	0,659,1062,2364,3092,3474,4264,6002,6292,
chr2R	24990569	25011463	NM_166704	0	-	24991136	25010511	0	14	703,164,1296,531,305,2740,93,120,24,122,157,216,237,88,	0,1240,1463,2821,3442,3837,6639,7008,7708,9469,11718,15298,19810,20806,
chr3L	25108996	25115180	NM_001015221	0	+	25109344	25114897	0	6	73,281,250,3608,634,457,	0,327,663,967,5037,5727,
chr3L	25108996	25115180	NM_001015222	0	+	25109344	25114897	0	6	242,295,250,3608,634,457,	0,313,663,967,5037,5727,
chr3L	25108996	25115180	NM_001110936	0	+	25109344	25114897	0	6	242,304,250,3608,634,457,	0,304,663,967,5037,5727,
chr3L	7329131	7333471	NM_001144427	0	+	7329238	7329591	0	6	232,209,524,933,40,2079,	0,297,584,1167,2165,2261,
chr3L	7329131	7333471	NM_001144428	0	+	7329238	7329591	0	6	232,209,524,933,45,2067,	0,297,584,1167,2160,2273,
chr3L	7329131	7329688	NM_001144429	0	+	7329238	7329591	0	2	232,260,	0,297,
chr3L	9857382	9859889	NM_001169932	0	-	9858412	9859489	0	2	681,1552,	0,955,
chr3L	12067569	12081830	NM_001169959	0	-	12068134	12080957	0	12	784,203,156,911,807,203,132,174,208,100,164,270,	0,840,1109,1329,2348,3229,3495,4017,4294,12371,13225,13991,
chr3L	25108996	25115180	NM_001170375	0	+	25109344	25114897	0	7	73,5,284,250,3608,634,457,	0,98,324,663,967,5037,5727,
chr3L	25108996	25115180	NM_001170376	0	+	25109344	25114897	0	6	73,304,250,3608,634,457,	0,304,663,967,5037,5727,
chr3L	25107593	25115180	NM_001170377	0	+	25109344	25114897	0	6	37,304,250,3608,634,457,	0,1707,2066,2370,6440,7130,
chr3L	25109212	25115180	NM_001170378	0	+	25109344	25114897	0	6	26,304,250,3608,634,457,	0,88,447,751,4821,5511,
chr3L	25109277	25115180	NM_001170379	0	+	25109344	25114897	0	5	327,250,3608,634,457,	0,382,686,4756,5446,
chr3L	25108996	25115180	NM_001170380	0	+	25109344	25114897	0	6	73,295,250,3608,634,457,	0,313,663,967,5037,5727,
chr3L	26354139	26371356	NM_001170386	0	-	26354139	26356237	0	4	485,173,370,130,	0,1505,1733,17087,
chr3L	12814253	12824650	NM_001202159	0	+	12814531	12824518	0	11	627,2327,3207,323,311,55,191,491,157,192,647,	0,1945,4347,7611,7991,8359,8472,8725,9274,9500,9750,
chr3L	15116736	15128029	NM_001202179	0	+	15116860	15127906	0	13	223,75,127,153,1396,211,116,126,154,125,268,186,285,	0,284,737,924,1174,2638,2911,9479,9757,9966,10280,10729,11008,
chr3L	1517850	1523380	NM_001259617	0	+	1518673	1522919	0	6	106,583,817,1325,123,674,	0,363,2096,3283,4671,4856,
chr3L	4936757	5079033	NM_001259706	0	-	4939267	4956845	0	8	3349,217,1058,74,92,34,27,737,	0,16133,19068,26359,50319,108634,128634,141539,
chr3L	9381881	9382765	NM_001259765	0	+	9381997	9382558	0	1	884,	0,
chr3L	1517850	1523380	NM_001274329	0	+	1518673	1522919	0	6	106,620,817,1325,123,674,	0,326,2096,3283,4671,4856,
chr3L	4807367	4825687	NM_001274498	0	-	4807666	4825571	0	14	465,3599,118,196,2109,1153,4056,156,39,106,604,835,575,360,	0,524,4184,5526,5960,8125,9619,13743,14060,14496,14655,15322,16219,17960,
chr3L	4807549	4825687	NM_001274499	0	-	4807666	4825571	0	14	283,3599,118,196,2109,1153,27,4056,156,106,604,835,575,360,	0,342,4002,5344,5778,7943,9155,9437,13561,14314,14473,15140,16037,17778,
chr3L	4807549	4825687	NM_001274500	0	-	4807666	4825571	0	14	283,3599,118,199,2109,1153,4056,156,39,106,604,835,575,360,	0,342,4002,4507,5778,7943,9437,13561,13878,14314,14473,15140,16037,17778,
chr3L	4807367	4825687	NM_001274501	0	-	4807666	4825571	0	14	465,3599,118,199,2109,1153,27,4056,156,106,604,835,575,360,	0,524,4184,4689,5960,8125,9337,9619,13743,14496,14655,15322,16219,17960,
chr3L	4807367	4825687	NM_001274502	0	-	4807666	4825571	0	15	465,3599,118,196,2109,1153,27,4056,156,39,106,604,835,575,360,	0,524,4184,5526,5960,8125,9337,9619,13743,14060,14496,14655,15322,16219,17960,
chr3L	4807367	4825687	NM_001274503	0	-	4807666	4825571	0	15	465,3599,118,199,2109,1153,27,4056,156,39,106,604,835,575,360,	0,524,4184,4689,5960,8125,9337,9619,13743,14060,14496,14655,15322,16219,17960,
chr3L	7142990	7157073	NM_001274567	0	-	7143775	7147847	0	8	998,222,172,210,298,310,1898,1138,	0,1069,1746,1972,2240,2600,2976,12945,
chr3L	7142990	7157073	NM_001274568	0	-	7144358	7147847	0	8	1016,341,172,210,298,310,1898,1138,	0,1069,1746,1972,2240,2600,2976,12945,
chr3L	9475733	9476965	NM_001274703	0	-	9475793	9476847	0	2	959,194,	0,1038,
chr3L	9974650	10072525	NM_001274744	0	+	10004031	10072014	0	7	1194,518,242,211,128,169,864,	0,28933,58532,61995,62693,66205,97011,
chr3L	9974650	10113488	NM_001274745	0	+	10004031	10113228	0	7	1194,518,242,211,128,169,301,	0,28933,58532,61995,62693,66205,138537,
chr3L	9974650	10139360	NM_001274746	0	+	10004031	10138887	0	7	1194,518,242,211,128,169,505,	0,28933,58532,61995,62693,66205,164205,
chr3L	13962657	13964702	NM_001274886	0	-	13962772	13964629	0	2	1356,548,	0,1497,
chr3L	15116736	15128029	NM_001274940	0	+	15116860	15127335	0	13	223,75,127,153,1396,211,116,126,154,107,393,186,285,	0,284,737,924,1174,2638,2911,9479,9757,9984,10280,10729,11008,
chr3L	15556822	15561042	NM_001274953	0	+	15557931	15560731	0	6	1295,89,610,1017,371,402,	0,1427,1571,2277,3385,3818,
chr3L	16386326	16390816	NM_001275014	0	+	16386636	16390343	0	7	244,325,2328,216,199,249,515,	0,305,694,3078,3352,3609,3975,
chr3L	19613426	19618521	NM_001275129	0	-	19613737	19618445	0	8	967,426,913,463,249,925,162,242,	0,1097,1583,2590,3107,3413,4397,4853,
chr3L	20495346	20497084	NM_001275187	0	+	20495479	20496985	0	4	173,451,366,493,	0,278,811,1245,
chr3L	20800409	20806853	NM_001275194	0	+	20800478	20806671	0	6	96,104,746,4315,453,420,	0,157,313,1135,5512,6024,
chr3L	22075866	22077487	NM_001275273	0	+	22076287	22077315	0	4	60,102,94,1072,	0,168,381,549,
chr3L	5789830	5794192	NM_001300021	0	-	5790544	5793845	0	4	1813,890,1153,137,	0,1865,2869,4225,
chr3L	7329131	7333471	NM_001300038	0	+	7329238	7329591	0	6	232,209,524,933,45,2079,	0,297,584,1167,2160,2261,
chr3L	9974650	10074408	NM_001300089	0	+	10004031	10072014	0	7	1194,518,242,211,128,169,2765,	0,28933,58532,61995,62693,66205,96993,
chr3L	23318645	23338100	NM_001300225	0	-	23329837	23338046	0	11	357,117,241,182,68,73,152,1376,318,377,226,	0,415,588,6996,7243,8042,8848,10068,12052,15718,19229,
chr3L	1871573	1876312	NM_057262	0	-	1871760	1876178	0	9	344,117,154,263,867,1178,300,264,203,	0,780,1008,1226,1543,2467,3713,4078,4536,
chr3L	1641065	1645199	NM_058047	0	-	1641196	1644957	0	2	2890,1188,	0,2946,
chr3L	4807549	4825687	NM_079205	0	-	4807666	4825571	0	13	283,3599,118,199,2109,1153,4056,156,106,604,835,575,360,	0,342,4002,4507,5778,7943,9437,13561,14314,14473,15140,16037,17778,
chr3L	4938056	4976176	NM_079206	0	-	4939267	4956845	0	5	2050,217,1058,74,359,	0,14834,17769,25060,37761,
chr3L	7144528	7157073	NM_079230	0	-	7144724	7147847	0	6	380,210,298,310,1898,1138,	0,434,702,1062,1438,11407,
chr3L	8955020	8956551	NM_079262	0	+	8955025	8956498	0	1	1531,	0,
chr3L	9381881	9382730	NM_079275	0	+	9381997	9382558	0	1	849,	0,
chr3L	9475492	9476965	NM_079279	0	-	9475793	9476847	0	2	1200,194,	0,1279,
chr3L	13962657	13964702	NM_079338	0	-	13962772	13964629	0	2	1356,584,	0,1461,
chr3L	22076091	22077487	NM_079487	0	+	22076287	22077315	0	3	45,94,1072,	0,156,324,
chr3L	22263368	22266017	NM_079488	0	+	22263482	22265845	0	4	130,52,1670,618,	0,184,289,2031,
chr3L	23318645	23338100	NM_079495	0	-	23318837	23338046	0	12	357,117,241,182,68,73,152,685,204,318,377,226,	0,415,588,6996,7243,8042,8848,10068,11240,12052,15718,19229,
chr3L	12067510	12081830	NM_137449	0	-	12068134	12081351	0	12	843,203,156,911,807,203,132,174,208,100,164,484,	0,899,1168,1388,2407,3288,3554,4076,4353,12430,13284,13836,
chr3L	1517499	1523380	NM_139360	0	+	1518673	1522919	0	6	100,620,817,1325,123,674,	0,677,2447,3634,5022,5207,
chr3L	5790191	5794192	NM_139732	0	-	5790544	5793845	0	4	1452,890,1153,137,	0,1504,2508,3864,
chr3L	9459368	9460799	NM_140063	0	-	9459401	9460717	0	2	226,1146,	0,285,
chr3L	9857587	9859889	NM_140108	0	-	9858412	9859489	0	3	476,1379,111,	0,750,2191,
chr3L	11993273	11998138	NM_140280	0	-	11993752	11998050	0	5	729,2261,365,154,1114,	0,791,3110,3536,3751,
chr3L	12814253	12824650	NM_140347	0	+	12814531	12824518	0	10	627,5609,323,311,55,191,491,157,192,647,	0,1945,7611,7991,8359,8472,8725,9274,9500,9750,
chr3L	14769340	14776129	NM_140465	0	-	14769665	14775995	0	9	438,120,188,182,129,993,2943,750,218,	0,496,671,914,1156,1349,2408,5417,6571,
chr3L	15116736	15128029	NM_140492	0	+	15116860	15127906	0	13	223,75,127,153,1396,211,116,126,154,107,268,186,285,	0,284,737,924,1174,2638,2911,9479,9757,9984,10280,10729,11008,
chr3L	15554112	15561042	NM_140518	0	+	15554206	15560731	0	8	110,183,1268,89,610,1017,371,402,	0,177,2737,4137,4281,4987,6095,6528,
chr3L	15560725	15563065	NM_140519	0	-	15561085	15562935	0	2	1958,323,	0,2017,
chr3L	15960835	15967872	NM_140561	0	-	15960993	15967752	0	6	644,283,175,4744,696,165,	0,702,1040,1279,6080,6872,
chr3L	16386326	16390816	NM_140632	0	+	16386636	16390343	0	7	168,331,2328,216,199,249,515,	0,299,694,3078,3352,3609,3975,
chr3L	17909482	17912565	NM_140769	0	-	17909748	17912311	0	4	1725,503,371,318,	0,1786,2343,2765,
chr3L	19613679	19618521	NM_140878	0	-	19613737	19618445	0	8	714,426,913,463,249,925,162,242,	0,844,1330,2337,2854,3160,4144,4600,
chr3L	20492081	20497084	NM_140977	0	+	20495479	20496985	0	5	133,168,451,366,493,	0,3270,3543,4076,4510,
chr3L	20800409	20806741	NM_141002	0	+	20800542	20806671	0	5	261,746,4315,453,308,	0,313,1135,5512,6024,
chr3L	9974650	10041303	NM_144182	0	+	10004031	10041056	0	6	1194,518,242,211,128,448,	0,28933,58532,61995,62693,66205,
chr3L	1517599	1523380	NM_167883	0	+	1517691	1522919	0	7	156,66,620,817,1325,123,674,	0,387,577,2347,3534,4922,5107,
chr3L	1517599	1523380	NM_167884	0	+	1517691	1522919	0	6	156,620,817,1325,123,674,	0,577,2347,3534,4922,5107,
chr3L	1517599	1523380	NM_167885	0	+	1518673	1522919	0	6	357,620,817,1325,123,674,	0,577,2347,3534,4922,5107,
chr3L	1502842	1523380	NM_167886	0	+	1518673	1522919	0	6	139,620,817,1325,123,674,	0,15334,17104,18291,19679,19864,
chr3L	1517850	1523380	NM_167887	0	+	1518673	1522919	0	6	106,407,817,1325,123,674,	0,539,2096,3283,4671,4856,
chr3L	1641065	1645199	NM_167908	0	-	1641196	1644957	0	3	2890,1050,30,	0,2946,4104,
chr3L	1871573	1876312	NM_167922	0	-	1871760	1876178	0	8	344,154,263,867,1178,300,264,203,	0,1008,1226,1543,2467,3713,4078,4536,
chr3L	4807549	4825687	NM_168103	0	-	4807666	4825571	0	13	283,3599,118,196,2109,1153,4056,156,106,604,835,575,360,	0,342,4002,5344,5778,7943,9437,13561,14314,14473,15140,16037,17778,
chr3L	7142990	7157073	NM_168193	0	-	7143775	7147847	0	8	1016,222,172,210,298,310,1898,1138,	0,1069,1746,1972,2240,2600,2976,12945,
chr3L	12755048	12768605	NM_168512	0	+	12755145	12768561	0	19	194,791,1050,911,131,141,628,120,325,793,253,145,3336,213,855,309,495,1116,95,	0,255,1356,2463,3585,3853,4052,4739,4920,5311,6156,6470,6686,10085,10356,11269,11636,12188,13462,
chr3L	15554112	15561042	NM_168626	0	+	15554264	15560731	0	7	360,1268,89,610,1017,371,402,	0,2737,4137,4281,4987,6095,6528,
chr3L	16386326	16390816	NM_168664	0	+	16386636	16390343	0	7	244,331,2328,216,199,249,515,	0,299,694,3078,3352,3609,3975,
chr3L	16422794	16451958	NM_168667	0	-	16423386	16451613	0	5	1305,151,79,149,1812,	0,1373,3782,3972,27352,
chr3L	21194753	21196853	NM_168884	0	-	21194846	21196702	0	7	203,97,445,346,193,268,78,	0,280,432,1018,1439,1691,2022,
chr3L	21194753	21196769	NM_168885	0	-	21194846	21196702	0	6	203,97,445,346,193,325,	0,280,432,1018,1439,1691,
chr3L	9360315	9362042	NM_206309	0	+	9360669	9361721	0	3	456,100,1034,	0,527,693,
chr3R	25983012	25995737	NM_001014668	0	+	25983291	25994574	0	18	336,144,385,142,594,322,553,538,1592,607,2356,255,96,90,203,187,166,1171,	0,579,822,1262,1460,2115,2499,3106,3699,5347,6007,8418,8737,9387,9795,10060,10306,11554,
chr3R	15232211	15242236	NM_001043247	0	-	15232288	15242143	0	29	262,246,253,377,168,982,306,513,160,418,148,198,377,274,294,133,121,142,368,127,170,178,1104,345,221,186,109,220,16,	0,317,629,939,1378,1606,2652,3023,3588,3808,4292,4493,4746,5179,5506,5858,6045,6221,6420,6845,7023,7250,7482,8647,9048,9327,9564,9731,10009,
chr3R	23820591	23859167	NM_001104419	0	+	23821529	23849349	0	14	1155,77,152,112,134,85,201,325,215,272,131,164,1924,442,	0,9365,9586,24759,26419,26620,26761,27194,27579,27855,28187,28374,28596,38134,
chr3R	16458279	16469663	NM_001144588	0	-	16458598	16469407	0	7	8106,375,81,1643,44,222,430,	0,8183,8613,8753,10553,10670,10954,
chr3R	16430804	16432897	NM_001170159	0	+	16430820	16432552	0	5	137,194,426,453,275,	0,193,477,1313,1818,
chr3R	4733653	4739615	NM_001202238	0	-	4735150	4737366	0	8	1693,150,162,105,72,65,308,44,	0,1754,1988,3369,3527,3660,3819,5918,
chr3R	4734411	4749056	NM_001202239	0	-	4735150	4748883	0	10	935,150,162,105,72,65,266,2331,202,266,	0,996,1230,2611,2769,2902,3061,7440,10052,14379,
chr3R	4733653	4746414	NM_001202240	0	-	4735150	4746174	0	10	1693,150,162,105,72,65,308,2331,202,618,	0,1754,1988,3369,3527,3660,3819,8198,10810,12143,
chr3R	22666760	22682176	NM_001202337	0	+	22677135	22681579	0	10	278,63,555,79,104,138,225,207,211,3073,	0,1219,10148,10832,10975,11139,11343,11805,12069,12343,
chr3R	4734411	4748500	NM_001259986	0	-	4735150	4748442	0	10	935,150,162,105,72,65,308,2331,202,145,	0,996,1230,2611,2769,2902,3061,7440,10052,13944,
chr3R	8293842	8300978	NM_001260054	0	-	8294208	8299898	0	13	2303,121,262,316,230,148,366,177,414,164,258,661,130,	0,2362,2551,2872,3241,3530,3739,4174,4430,4903,5126,5445,7006,
chr3R	8293842	8300978	NM_001260055	0	-	8294208	8299898	0	13	2303,121,262,316,230,148,366,177,414,164,258,661,115,	0,2362,2551,2872,3241,3530,3739,4174,4430,4903,5126,5445,7021,
chr3R	9505852	9510324	NM_001260075	0	-	9507316	9510010	0	4	347,1129,581,162,	0,405,3583,4310,
chr3R	16338942	16341988	NM_001260210	0	-	16340653	16341891	0	4	1820,125,370,261,	0,1879,2286,2785,
chr3R	18750435	18758873	NM_001260255	0	-	18750571	18758770	0	15	449,576,321,709,757,457,968,178,144,1215,228,461,286,722,133,	0,508,1142,1526,2295,3107,3626,4663,4905,5106,6383,6669,7192,7532,8305,
chr3R	19890847	19898738	NM_001260268	0	+	19892748	19898540	0	9	407,1483,128,92,234,271,450,159,264,	0,1685,3238,5462,5614,6533,6897,7405,7627,
chr3R	19890688	19898738	NM_001260269	0	+	19892748	19898540	0	9	566,1499,128,92,234,271,450,159,264,	0,1828,3397,5621,5773,6692,7056,7564,7786,
chr3R	22673986	22683827	NM_001260314	0	+	22674168	22681579	0	9	849,555,79,104,138,225,207,211,4724,	0,2922,3606,3749,3913,4117,4579,4843,5117,
chr3R	22666760	22682176	NM_001260315	0	+	22668034	22681579	0	11	282,63,251,555,79,104,138,225,207,211,3073,	0,1219,9187,10148,10832,10975,11139,11343,11805,12069,12343,
chr3R	22666760	22682176	NM_001260316	0	+	22668034	22681579	0	11	318,63,251,555,79,104,138,225,207,211,3073,	0,1219,9187,10148,10832,10975,11139,11343,11805,12069,12343,
chr3R	23820591	23859167	NM_001260340	0	+	23821529	23849349	0	15	1155,77,152,112,134,85,201,21,325,215,272,131,164,1924,442,	0,9365,9586,24759,26419,26620,26761,27088,27194,27579,27855,28187,28374,28596,38134,
chr3R	27925664	27933077	NM_001260414	0	+	27925880	27932670	0	8	329,118,165,995,305,338,310,616,	0,3566,4316,4539,5655,6023,6425,6797,
chr3R	4734411	4746414	NM_001275332	0	-	4734845	4746174	0	11	442,182,150,162,105,72,65,308,2331,202,618,	0,753,996,1230,2611,2769,2902,3061,7440,10052,11385,
chr3R	4734411	4749056	NM_001275333	0	-	4735150	4748442	0	11	935,150,162,105,72,65,308,2331,202,193,266,	0,996,1230,2611,2769,2902,3061,7440,10052,13944,14379,
chr3R	8293842	8300978	NM_001275440	0	-	8294208	8299898	0	14	2303,121,262,316,230,148,366,57,51,414,164,258,661,130,	0,2362,2551,2872,3241,3530,3739,4174,4300,4430,4903,5126,5445,7006,
chr3R	10312038	10331353	NM_001275531	0	-	10312643	10331187	0	33	1100,429,469,832,615,279,1347,464,536,185,231,118,224,259,785,72,118,486,176,269,1426,124,233,422,415,300,222,221,835,750,1063,311,386,	0,1171,1674,2200,3086,3757,4163,5569,6100,6693,6935,7223,7398,7681,8007,9116,9426,9623,10169,10408,10732,12247,12427,12719,13203,13693,14222,14504,14790,15690,16532,17652,18929,
chr3R	10312038	10331353	NM_001275532	0	-	10312643	10331187	0	31	1100,429,469,832,615,279,1347,464,536,185,231,118,224,259,785,118,486,176,269,1426,124,233,422,415,222,221,835,750,1063,311,386,	0,1171,1674,2200,3086,3757,4163,5569,6100,6693,6935,7223,7398,7681,8007,9426,9623,10169,10408,10732,12247,12427,12719,13203,14222,14504,14790,15690,16532,17652,18929,
chr3R	10312038	10331353	NM_001275533	0	-	10312643	10331187	0	32	1100,429,469,832,615,279,1347,464,536,185,231,118,224,259,785,72,118,486,173,269,1426,124,233,422,415,222,221,835,750,1063,311,386,	0,1171,1674,2200,3086,3757,4163,5569,6100,6693,6935,7223,7398,7681,8007,9116,9426,9623,10169,10408,10732,12247,12427,12719,13203,14222,14504,14790,15690,16532,17652,18929,
chr3R	10312038	10331353	NM_001275534	0	-	10312643	10331187	0	32	1100,429,469,832,615,246,1347,464,536,185,231,118,224,259,785,72,118,486,176,269,1426,124,233,422,415,222,221,835,750,1063,311,386,	0,1171,1674,2200,3086,3757,4163,5569,6100,6693,6935,7223,7398,7681,8007,9116,9426,9623,10169,10408,10732,12247,12427,12719,13203,14222,14504,14790,15690,16532,17652,18929,
chr3R	16430680	16432897	NM_001275702	0	+	16430820	16432796	0	6	62,145,194,426,423,275,	0,116,317,601,1437,1942,
chr3R	16430804	16432897	NM_001275703	0	+	16430820	16432552	0	5	137,194,426,453,244,	0,193,477,1313,1849,
chr3R	16432196	16432897	NM_001275704	0	+	16432348	16432552	0	2	374,275,	0,426,
chr3R	16432196	16432897	NM_001275705	0	+	16432348	16432796	0	2	344,299,	0,402,
chr3R	16640204	16643112	NM_001275717	0	+	16640327	16642220	0	1	2908,	0,
chr3R	25983012	25995737	NM_001276049	0	+	25983291	25994661	0	18	336,144,385,142,594,322,553,538,1592,607,2356,255,96,90,203,187,166,1171,	0,579,822,1262,1460,2115,2499,3106,3699,5347,6007,8418,8737,9387,9795,10060,10306,11554,
chr3R	25983012	25995737	NM_001276050	0	+	25983291	25994574	0	17	336,144,385,142,594,322,553,538,1592,607,2356,255,96,203,187,166,1171,	0,579,822,1262,1460,2115,2499,3106,3699,5347,6007,8418,8737,9795,10060,10306,11554,
chr3R	32055278	32068441	NM_001276225	0	-	32057321	32067996	0	3	3491,214,2113,	0,3653,11050,
chr3R	15976564	15983451	NM_001300422	0	+	15977232	15983325	0	7	100,67,914,2120,2042,241,570,	0,612,744,1722,3904,6015,6317,
chr3R	19890847	19898738	NM_001300483	0	+	19892748	19898540	0	9	407,1499,128,92,234,271,432,159,264,	0,1669,3238,5462,5614,6533,6915,7405,7627,
chr3R	22639807	22682176	NM_001300540	0	+	22652427	22681579	0	13	103,401,206,442,327,401,79,104,138,225,207,211,3073,	0,12350,17066,18213,18915,25063,37785,37928,38092,38296,38758,39022,39296,
chr3R	22639807	22682176	NM_001300541	0	+	22675981	22681579	0	15	103,401,206,442,327,401,251,555,79,104,138,225,207,211,3073,	0,12350,17066,18213,18915,25063,36140,37101,37785,37928,38092,38296,38758,39022,39296,
chr3R	23803858	23859167	NM_001300559	0	+	23821529	23849349	0	15	107,1227,77,152,112,134,85,201,325,215,272,131,164,1924,442,	0,16661,26098,26319,41492,43152,43353,43494,43927,44312,44588,44920,45107,45329,54867,
chr3R	24769350	24770933	NM_001300583	0	+	24769521	24769773	0	1	1583,	0,
chr3R	15542747	15548188	NM_001316510	0	-	15542869	15547394	0	9	922,709,1092,234,735,155,104,392,219,	0,981,1749,2896,3187,3981,4607,4777,5222,
chr3R	23820591	23859167	NM_001316615	0	+	23821529	23849349	0	14	1155,74,152,112,134,85,201,325,215,272,131,164,1924,442,	0,9368,9586,24759,26419,26620,26761,27194,27579,27855,28187,28374,28596,38134,
chr3R	19879718	19886030	NM_057741	0	+	19879923	19885731	0	10	325,195,179,898,339,803,147,900,273,537,	0,397,1164,1765,2719,3124,3990,4477,5437,5775,
chr3R	11789292	11796948	NM_058053	0	-	11789928	11796435	0	10	729,83,125,1594,1571,2036,321,104,114,105,	0,788,930,1135,2791,4428,6523,6913,7088,7551,
chr3R	4734411	4746414	NM_058085	0	-	4735150	4746174	0	10	935,150,162,105,72,65,266,2331,202,618,	0,996,1230,2611,2769,2902,3061,7440,10052,11385,
chr3R	4734411	4749056	NM_058086	0	-	4735150	4748883	0	10	935,150,162,105,72,62,308,2331,202,266,	0,996,1230,2611,2769,2902,3061,7440,10052,14379,
chr3R	7530752	7532732	NM_079540	0	+	7531258	7532611	0	1	1980,	0,
chr3R	12705522	12712299	NM_079609	0	-	12705670	12712207	0	7	459,915,208,2224,557,374,1683,	0,525,1498,1759,4042,4653,5094,
chr3R	32057015	32068441	NM_079876	0	-	32057321	32067996	0	2	2130,2113,	0,9313,
chr3R	29991143	29993411	NM_080178	0	-	29991583	29993144	0	6	550,259,690,99,196,150,	0,610,939,1685,1842,2118,
chr3R	16640204	16642773	NM_080492	0	+	16640327	16642220	0	1	2569,	0,
chr3R	8293842	8300743	NM_141524	0	-	8294208	8299898	0	13	2303,121,262,316,230,148,366,177,414,164,258,661,20,	0,2362,2551,2872,3241,3530,3739,4174,4430,4903,5126,5445,6881,
chr3R	8341660	8343516	NM_141535	0	-	8341870	8343442	0	1	1856,	0,
chr3R	9505852	9510324	NM_141642	0	-	9506143	9510010	0	5	347,1129,139,581,162,	0,405,2438,3583,4310,
chr3R	9555784	9557776	NM_141648	0	+	9555874	9557436	0	4	159,535,166,890,	0,219,820,1102,
chr3R	9557711	9559525	NM_141649	0	-	9557909	9559249	0	2	657,1098,	0,716,
chr3R	10312038	10331353	NM_141738	0	-	10312643	10331187	0	32	1100,429,469,832,615,279,1347,464,536,185,231,118,224,259,785,72,118,486,176,269,1426,124,233,422,415,222,221,835,750,1063,311,386,	0,1171,1674,2200,3086,3757,4163,5569,6100,6693,6935,7223,7398,7681,8007,9116,9426,9623,10169,10408,10732,12247,12427,12719,13203,14222,14504,14790,15690,16532,17652,18929,
chr3R	15542747	15547736	NM_142220	0	-	15542869	15547394	0	8	922,709,1092,234,735,155,104,212,	0,981,1749,2896,3187,3981,4607,4777,
chr3R	16268328	16272415	NM_142273	0	-	16268462	16272334	0	6	542,404,1241,111,1379,120,	0,608,1071,2368,2532,3967,
chr3R	17085512	17087988	NM_142339	0	+	17085797	17087726	0	1	2476,	0,
chr3R	18750435	18758873	NM_142495	0	-	18750571	18758770	0	15	449,576,321,709,757,457,968,178,144,1215,228,461,286,725,133,	0,508,1142,1526,2295,3107,3626,4663,4905,5106,6383,6669,7192,7532,8305,
chr3R	19890847	19898601	NM_142585	0	+	19892748	19898540	0	9	407,1416,128,92,234,271,450,159,127,	0,1752,3238,5462,5614,6533,6897,7405,7627,
chr3R	20033880	20036056	NM_142606	0	-	20034295	20035918	0	1	2176,	0,
chr3R	21219076	21222843	NM_142699	0	+	21219221	21222639	0	7	380,760,225,490,95,425,1034,	0,432,1253,1540,2096,2249,2733,
chr3R	22666760	22682176	NM_142819	0	+	22677135	22681579	0	10	318,63,555,79,104,138,225,207,211,3073,	0,1219,10148,10832,10975,11139,11343,11805,12069,12343,
chr3R	24528046	24529815	NM_143009	0	+	24528176	24529652	0	5	208,351,180,522,253,	0,287,702,935,1516,
chr3R	27925190	27932973	NM_143340	0	+	27925880	27932670	0	8	803,118,165,995,305,338,310,512,	0,4040,4790,5013,6129,6497,6899,7271,
chr3R	28337018	28339765	NM_143360	0	-	28337292	28339546	0	2	649,1896,	0,851,
chr3R	24769350	24770111	NM_143995	0	+	24769521	24769773	0	1	761,	0,
chr3R	16340126	16341988	NM_144354	0	-	16340653	16341891	0	4	636,125,370,261,	0,695,1102,1601,
chr3R	4734411	4749056	NM_169016	0	-	4735150	4748883	0	10	935,150,162,105,72,65,308,2331,202,266,	0,996,1230,2611,2769,2902,3061,7440,10052,14379,
chr3R	11789292	11796948	NM_169430	0	-	11789928	11796435	0	11	729,83,125,1594,1571,1010,966,321,104,114,105,	0,788,930,1135,2791,4428,5498,6523,6913,7088,7551,
chr3R	15973297	15983451	NM_169693	0	+	15977232	15983325	0	7	527,67,914,2120,2042,241,570,	0,3879,4011,4989,7171,9282,9584,
chr3R	16430804	16432897	NM_169717	0	+	16430820	16432796	0	5	137,194,426,426,299,	0,193,477,1310,1794,
chr3R	25983012	25995153	NM_170252	0	+	25983291	25994781	0	17	336,144,385,142,594,322,553,538,1592,607,2356,255,96,203,187,166,416,	0,579,822,1262,1460,2115,2499,3106,3699,5347,6007,8418,8737,9795,10060,10306,11725,
chr3R	25983012	25993991	NM_170253	0	+	25983291	25993786	0	18	336,144,385,142,594,322,553,538,1592,607,2356,255,96,90,203,187,166,327,	0,579,822,1262,1460,2115,2499,3106,3699,5347,6007,8418,8737,9387,9795,10060,10306,10652,
chr3R	27929618	27932973	NM_170358	0	+	27929857	27932670	0	7	278,165,995,305,338,310,512,	0,362,585,1701,2069,2471,2843,
chr3R	27929624	27932868	NM_170359	0	+	27930028	27932670	0	7	167,165,995,305,338,310,407,	0,356,579,1695,2063,2465,2837,
chr3R	29991143	29993276	NM_170453	0	-	29991583	29993195	0	5	550,259,690,99,291,	0,610,939,1685,1842,
chr3R	32056591	32068441	NM_170586	0	-	32057321	32067996	0	3	2554,66,2113,	0,4854,9737,
chr3R	4734411	4746414	NM_176401	0	-	4735150	4746174	0	10	935,150,162,105,72,65,266,2331,202,573,	0,996,1230,2611,2769,2902,3061,7440,10052,11430,
chr3R	4734411	4739615	NM_176402	0	-	4735150	4737366	0	8	935,150,162,105,72,65,266,44,	0,996,1230,2611,2769,2902,3061,5160,
chr3R	4734411	4739547	NM_176403	0	-	4735150	4737366	0	8	935,150,162,105,72,65,266,37,	0,996,1230,2611,2769,2902,3061,5099,
chr3R	4734411	4739547	NM_176404	0	-	4735150	4737366	0	8	935,150,162,105,72,65,308,37,	0,996,1230,2611,2769,2902,3061,5099,
chr3R	19879718	19886030	NM_206518	0	+	19881490	19885731	0	9	325,946,898,339,803,147,900,273,537,	0,397,1765,2719,3124,3990,4477,5437,5775,
